{
  "metadata": {
    "name": "8ternal",
    "author": "fusornat",
    "version": 1,
    "source": "https://comic.8ternal.com.vn",
    "regexp": "https://comic.8ternal.com.vn/series/(.*?)[.]html",
    "description": "8ternal tổng hợp truyện dịch từ nhiều nguồn khác nhau, hỗ trợ các bạn đọc comics theo đúng timeline của các sự kiện chính. Hoặc đọc truyện theo timeline nhân vật mà các bạn yêu thích.",
    "locale": "vi-VN",
    "language": "javascript",
    "type": "comic"
  },
  "script": {
    "home": "home.js",
    "genre": "genre.js",
    "detail": "detail.js",
    "search": "search.js",
    "toc": "toc.js",
    "chap": "chap.js"
  }
}