{
  "metadata": {
    "name": "Wusanzw 【五三】",
    "author": "Nhocconsr",
    "version": 1,
    "source": "https://www.wusanzw.com",
    "regexp": "(www.)?(m.)?wusanzw.com/[^/]+/?$",
    "description": "Nếu lỗi extension liên hệ email : phamgiavang@gmail.com hoặc discord ^^!",
    "local": "vi-VN",
    "language": "javascript",
    "type": "chinese_novel"
  },
  "script": {
    "home": "home.js",
    "detail": "detail.js",
    "toc": "toc.js",
    "chap": "chap.js"
  }
}