{
  "metadata": {
    "name": "Zing Truyện",
    "author": "Nhocconsr",
    "version": 2,
    "source": "https://zingtruyen.com",
    "regexp": "(www.)?zingtruyen.com/story/[0-9a-z-]+/\\d+.html",
    "description": "Nếu lỗi extention liên hệ email : Phamgiavang@gmail.com hoặc Discord trong Vbook",
    "locale": "vi-VN",
    "language": "javascript",
    "type": "novel"
  },
  "script": {
    "home": "home.js",
    "genre": "genre.js",
    "detail": "detail.js",
    "search": "search.js",
    "toc": "toc.js",
    "chap": "chap.js"
  }
}