{
  "metadata": {
    "name": "DouJins",
    "author": "Nhocconsr",
    "version": 1,
    "source": "https://doujins.com",
    "regexp": "(www.)?doujins.com/.*/[0-9a-z-]+",
    "description": "Nếu có lỗi bạn có thể liên hệ tới Email: phamgiavang@gmail.com hoặc Discord<br><br> v1: Vì không rõ nó phân loại như thế nào nên làm tạm như thế này.Sử dụng tìm kiếm để tìm thêm truyện nhé ^^!",
    "local": "en-EN",
    "language": "javascript",
    "type": "comic",
    "tag" : "nsfw"
  },
  "script": {
    "home": "home.js",
    "detail": "detail.js",
    "search": "search.js",
    "toc": "toc.js",
    "chap": "chap.js"
  }
}