{
  "metadata": {
    "name": "Góc Truyện Tranh",
    "author": "Nhocconsr",
    "version": 1,
    "source": "https://goctruyentranh.com/",
    "regexp": "(www.)?goctruyentranh.com/truyen/[A-Za-z].+/?",
    "description": "Lỗi extension liên hệ email: phamgiavang@gmail.com",
    "local": "vi-VN",
    "language": "javascript",
    "type": "comic"
  },
  "script": {
    "home": "home.js",
    "genre": "genre.js",
    "detail": "detail.js",
    "search": "search.js",
    "toc": "toc.js",
    "chap": "chap.js"
  }
}