{
  "metadata": {
    "name": "Manga Forest",
    "author": "Nhocconsr",
    "version": 11,
    "source": "https://mangaforest.me",
    "regexp": "(www.)?mangaforest.me/[0-9a-z-]+/?$",
    "description": "Tiền thân là mangabuddy",
    "locale": "en-EN",
    "language": "javascript",
    "type": "comic",
    "tag" : "nsfw"
  },
  "script": {
    "home": "home.js",
    "genre": "genre.js",
    "detail": "detail.js",
    "search": "search.js",
    "toc": "toc.js",
    "chap": "chap.js"
  }
}