{
  "metadata": {
    "name": "Manga Buddy",
    "author": "Nhocconsr",
    "version": 6,
    "source": "https://mangabuddy.com",
    "regexp": "(www.)?mangabuddy.com/[0-9a-z-]+/?$",
    "description": "Fix lỗi cover",
    "locale": "en-EN",
    "language": "javascript",
    "type": "comic",
    "tag" : "nsfw"
  },
  "script": {
    "home": "home.js",
    "genre": "genre.js",
    "detail": "detail.js",
    "search": "search.js",
    "toc": "toc.js",
    "chap": "chap.js"
  }
}