{
  "metadata": {
    "name": "truyencv",
    "author": "nhocconsr",
    "version": 1,
    "source": "https://m.truyencv.vn/",
    "regexp": "https://m.truyencv.vn/truyen/[0-9a-z-]+/?$",
    "description": "TruyenCV là trang web đọc truyện convert online miễn phí với hàng vạn đầu truyện convert hay nhất từ trước đến nay, giúp bạn hóa thân thành nhân vật chính và phiêu lưu trong thế giới truyện tiểu thuyết đầy màu sắc.",
    "local": "vi-VN",
    "language": "javascript",
    "type": "novel"
  },
  "script": {
    "home": "home.js",
    "genre": "genre.js",
    "detail": "detail.js",
    "search": "search.js",
    "toc": "toc.js",
    "chap": "chap.js"
  }
}