{
  "metadata": {
    "name": "Thích Truyện",
    "author": "Nhocconsr",
    "version": 1,
    "source": "https://thichtruyen.vn",
    "regexp": "(www.)?thichtruyen.vn.*",
    "description": "Đọc truyện trên trang thichtruyen.vn",
    "local": "vi-VN",
    "language": "javascript",
    "type" : "novel"
  },
  "script": {
    "home": "home.js",
    "genre": "genre.js",
    "detail": "detail.js",
    "search": "search.js",
    "toc": "toc.js",
    "chap": "chap.js"
  }
}