{
  "metadata": {
    "name": "Hetushu 【和图书】",
    "author": "Nhocconsr",
    "version": 2,
    "source": "https://www.hetushu.com",
    "regexp": "(www.)?(m.)?hetushu.com/book/\\d+/index.html",
    "description": "Lỗi extension liên hệ email: phamgiavang@gmail.com",
    "locale": "zh-CN",
    "language": "javascript",
    "type": "chinese_novel"
  },
  "script": {
    "home": "home.js",
    "genre": "genre.js",
    "detail": "detail.js",
    "toc": "toc.js",
    "chap": "chap.js"
  }
}