{
  "metadata": {
    "name": "Truyện Dịch Giá Rẻ",
    "author": "Nhocconsr",
    "version": 1,
    "source": "http://truyendichgiare.com",
    "regexp": "(www.)?truyendichgiare.com.*",
    "description": "Đọc truyện trên trang truyendichgiare.com",
    "local": "vi-VN",
    "language": "javascript",
    "type" : "novel"
  },
  "script": {
    "home": "home.js",
    "detail": "detail.js",
    "search": "search.js",
    "toc": "toc.js",
    "chap": "chap.js"
  }
}