{
  "metadata": {
    "name": "Fast Manhwa",
    "author": "Nhocconsr",
    "version": 3,
    "source": "https://fastmanhwa.net",
    "regexp": "(www.)?fastmanhwa.net/mangatoon/[0-9a-z-]+/?$",
    "description": "Đọc truyện tại trang fastmanhwa.net.",
    "locale": "en-EN",
    "language": "javascript",
    "type": "comic"
  },
  "script": {
    "home": "home.js",
    "genre": "genre.js",
    "detail": "detail.js",
    "search": "search.js",
    "toc": "toc.js",
    "chap": "chap.js"
  }
}