{
  "metadata": {
    "name": "CManga",
    "author": "Nhocconsr",
    "version": 1,
    "source": "https://cmangatop.com",
    "regexp": "(www.)?cmangatop.com/[0-9a-z-]+",
    "description": "Nếu có lỗi bạn có thể liên hệ tới Email: phamgiavang@gmail.com hoặc Discord<br><br>v1: site mã hoá nên load chậm hơn bình thường đừng có kêu ca",
    "local": "vi-VN",
    "language": "javascript",
    "type": "comic"
  },
  "script": {
    "home": "home.js",
    "genre": "genre.js",
    "detail": "detail.js",
    "search": "search.js",
    "toc": "toc.js",
    "chap": "chap.js"
  }
}