{
  "metadata": {
    "name": "CManga",
    "author": "Nhocconsr",
    "version": 5,
    "source": "https://cmangaac.com",
    "regexp": "(www.)?cmangaac.com/[0-9a-z-]+",
    "description": "Fix domain<br><br>Site mã hoá nên load chậm hơn bình thường đừng có kêu ca",
    "locale": "vi-VN",
    "language": "javascript",
    "type": "comic"
  },
  "script": {
    "home": "home.js",
    "genre": "genre.js",
    "detail": "detail.js",
    "search": "search.js",
    "toc": "toc.js",
    "chap": "chap.js"
  }
}