{
  "metadata": {
    "name": "Docsach24",
    "author": "Fusornat",
    "version": 1,
    "source": "https://docsach24.co",
    "regexp": "https://docsach24.co/e-book/(.*?).html",
    "description": "Docsach24 tổng hợp và sửa lỗi chính tả các tác phẩm sách, truyện hiện có trên mạng Internet. Chúng tôi không sở hữu hay chịu trách nhiệm bất kỳ thông tin nào trên web này. Nếu làm ảnh hưởng đến cá nhân hay tổ chức nào, khi được yêu cầu, chúng tôi sẽ xem xét và gỡ bỏ ngay lập tức.",
    "locale": "vi-VN",
    "language": "javascript",
    "type": "novel"
  },
  "script": {
    "home": "home.js",
    "genre": "genre.js",
    "detail": "detail.js",
    "search": "search.js",
    "toc": "toc.js",
    "chap": "chap.js"
  }
}