{
  "metadata": {
    "name": "Truyện Top 1",
    "author": "Nhocconsr",
    "version": 2,
    "source": "http://truyentop1.com",
    "regexp": "(www.)?truyentop1.com/[0-9a-z-]+.html",
    "description": "Đọc truyện trên trang truyentop1.com",
    "locale": "vi-VN",
    "language": "javascript",
	"type": "comic"
  },
  "script": {
    "home": "home.js",
    "genre": "genre.js",
    "detail": "detail.js",
    "search": "search.js",
    "toc": "toc.js",
    "chap": "chap.js"
  }
}