{
  "metadata": {
    "name": "CiWeiMao 【刺猬猫】",
    "author": "Nhocconsr",
    "version": 3,
    "source": "https://www.ciweimao.com",
    "regexp": "(www.)?(wap.)?ciweimao.com/book/\\d+",
    "description": "Đọc truyện tại trang Ciweimao.com. Nếu lỗi extension vui lòng liên hệ email : Phamgiavang@gmail.com",
    "local": "cn-CN",
    "language": "javascript",
    "type": "chinese_novel"
  },
  "script": {
    "home": "home.js",
    "detail": "detail.js",
    "toc": "toc.js",
    "chap": "chap.js"
  }
}