{
    "metadata": {
        "name": "STV Limited",
        "author": "Nhocconsr",
        "version": 6,
        "source": "https://sangtacviet.xyz",
        "regexp": "(www.)?sangtacviet.(xyz|com)/truyen/([a-zA-Z0-9])+/\\d+/\\d+/?$",
        "description": "Updated ^^!. Fix linh tinh. Site lol",
        "locale": "vi-VN",
        "language": "javascript",
        "type": "novel"
    },
    "script": {
        "home": "home.js",
        "genre": "genre.js",
        "search": "search.js",
        "detail": "detail.js",
        "toc": "toc.js",
        "chap": "chap.js"
    }
}