{
    "metadata": {
        "name": "STV Limited",
        "author": "Nhocconsr",
        "version": 1,
        "source": "https://sangtacviet.com",
        "regexp": "(www.)?sangtacviet.com/truyen/([a-zA-Z0-9])+/\\d+/\\d+/?$",
        "description": "Xoá quảng cáo khắm l** và site nhiều rác quá đéo lọc được hết đâu",
        "local": "vi-VN",
        "language": "javascript",
        "type": "novel"
    },
    "script": {
        "home": "home.js",
        "genre": "genre.js",
        "search": "search.js",
        "detail": "detail.js",
        "toc": "toc.js",
        "chap": "chap.js"
    }
}