{
  "metadata": {
    "name": "Kho Truyện Tranh",
    "author": "Nhocconsr",
    "version": 7,
    "source": "https://khotruyentranhonline.com",
    "regexp": "(www.)?khotruyentranhonline.com/truyen/(.*?)+",
    "description": "Đọc truyện trên trang khotruyentranh.com",
    "locale": "vi-VN",
    "language": "javascript",
    "type": "comic"
  },
  "script": {
    "home": "home.js",
    "genre": "genre.js",
    "detail": "detail.js",
    "toc": "toc.js",
    "chap": "chap.js"
  }
}