{
  "metadata": {
    "name": "Say Hentai",
    "author": "Nhocconsr",
    "version": 6,
    "source": "https://sayhentai.fun",
    "regexp": "(www.)?sayhentai(.me|.fun)/[^/]+.html$",
    "description": "Đọc truyện trên trang Say Hentai",
    "locale": "vi-VN",
    "language": "javascript",
    "type": "comic",
    "tag": "nsfw"
  },
  "script": {
    "home": "home.js",
    "genre": "genre.js",
    "detail": "detail.js",
    "search": "search.js",
    "toc": "toc.js",
    "chap": "chap.js"
  }
}