{
  "metadata": {
    "name": "Ham Truyện",
    "author": "Nhocconsr",
    "version": 6,
    "source": "https://hamtruyenmoi.com",
    "regexp": "(www.)?(m.)?hamtruyen(moi)?.(com|vn)/[0-9a-z-]+.html",
    "description": "Đọc truyện tranh trên trang hamtruyenmoi.com",
    "locale": "vi-VN",
    "language": "javascript",
	"type": "comic"
  },
  "script": {
    "home": "home.js",
    "detail": "detail.js",
    "search": "search.js",
    "toc": "toc.js",
    "chap": "chap.js"
  }
}