{
  "metadata": {
    "name": "HentaiVN VIP",
    "author": "Nhocconsr",
    "version": 2,
    "source": "https://hentaivnvip.com/",
    "regexp": "(www.)?hentaivnvip.com/[0-9a-z-]+/?$",
    "description": "Nếu có lỗi bạn có thể liên hệ tới Email: phamgiavang@gmail.com hoặc Discord",
    "locale": "vi-VN", 
    "language": "javascript",
    "type": "comic",
    "tag" : "nsfw"
  },
  "script": {
    "home": "home.js",
    "genre": "genre.js",
    "detail": "detail.js",
    "search": "search.js",
    "toc": "toc.js",
    "chap": "chap.js"
  }
}