{
  "metadata": {
    "name": "HentaiVN.Vip",
    "author": "Nhocconsr",
    "version": 1,
    "source": "https://hentaivn.vip/",
    "regexp": "(www.)?hentaivn.vip/[0-9a-z-]+/?$",
    "description": "Nếu có lỗi bạn có thể liên hệ tới Email: phamgiavang@gmail.com hoặc Discord",
    "local": "vi-VN",
    "language": "javascript",
    "type": "comic"
  },
  "script": {
    "home": "home.js",
    "genre": "genre.js",
    "detail": "detail.js",
    "search": "search.js",
    "toc": "toc.js",
    "chap": "chap.js"
  }
}