{
  "metadata": {
    "name": "ST Truyện",
    "author": "Nhocconsr",
    "version": 4,
    "source": "https://sttruyen.com",
    "regexp": "(www.)?sttruyen.com/story/[0-9a-z-]+/?$",
    "description": "Nếu extention bị lỗi vui lòng liên hệ email: Phamgiavang@gmail.com",
    "locale": "vi-VN",
    "language": "javascript",
    "type": "novel"
  },
  "script": {
    "home": "home.js",
    "genre": "genre.js",
    "detail": "detail.js",
    "search": "search.js",
    "toc": "toc.js",
    "chap": "chap.js"
  }
}