{
  "metadata": {
    "name": "MTL Nation",
    "author": "Nhocconsr",
    "version": 1,
    "source": "https://mtlnation.com",
    "regexp": "(www.)?mtlnation.com/novel/[0-9a-z-]+/?$",
    "description": "Đọc truyện trên MTL Nation",
    "locale": "en-EN",
    "language": "javascript",
    "type": "novel"
  },
  "script": {
    "home": "home.js",
    "genre": "genre.js",
    "detail": "detail.js",
    "search": "search.js",
    "toc": "toc.js",
    "chap": "chap.js"
  }
}