{
  "metadata": {
    "name": "bFaloo",
    "author": "Nhocconsr",
    "version": 4,
    "source": "https://b.faloo.com",
    "regexp": "(www.)?((b.faloo.com/\\d+.html)|(wap.faloo.com/\\d+.html))",
    "description": "Nếu có lỗi bạn có thể liên hệ tới Email: phamgiavang@gmail.com<br><br>v4 : Update thông báo nếu là chương VIP",
    "local": "cn-CN",
    "language": "javascript",
    "type": "chinese_novel"
  },
  "script": {
    "home": "home.js",
    "detail": "detail.js",
    "toc": "toc.js",
    "chap": "chap.js"
  }
}