{
  "metadata": {
    "name": "Hentai Cube",
    "author": "Nhocconsr",
    "version": 7,
    "source": "https://hentaicube.net",
    "regexp": "(www.)?hentaicube.net/read/.*",
    "description": "V7 : Fix lỗi thiếu ảnh",
    "locale": "vi-VN",
    "language": "javascript",
    "type": "comic",
    "tag": "nsfw"
  },
  "script": {
    "home": "home.js",
    "genre": "genre.js",
    "detail": "detail.js",
    "search": "search.js",
    "toc": "toc.js",
    "chap": "chap.js"
  }
}