{
  "metadata": {
    "name": "Hentai Cube",
    "author": "Nhocconsr",
    "version": 4,
    "source": "https://hentaicb.xyz",
    "regexp": "(www.)?hentaicb.xyz/manga/.*",
    "description": "Đọc truyện trên trang hentaicb.xyz",
    "locale": "vi-VN",
    "language": "javascript",
    "type": "comic",
    "tag": "nsfw"
  },
  "script": {
    "home": "home.js",
    "genre": "genre.js",
    "detail": "detail.js",
    "search": "search.js",
    "toc": "toc.js",
    "chap": "chap.js"
  }
}