{
  "metadata": {
    "name": "Truyện Thôi",
    "author": "Nhocconsr",
    "version": 2,
    "source": "https://truyenthoi.net",
    "regexp": "(www.)?truyenthoi.net/[0-9a-z-]+.html",
    "description": "Đọc truyện trên trang Truyenthoi.net",
    "local": "vi-VN",
    "language": "javascript",
    "type": "novel"
  },
  "script": {
    "home": "home.js",
    "genre": "genre.js",
    "detail": "detail.js",
    "search": "search.js",
    "toc": "toc.js",
    "chap": "chap.js"
  }
}