{
  "metadata": {
    "name": "Truyện Convert",
    "author": "Nhocconsr",
    "version": 1,
    "source": "https://truyenconvert.net",
    "regexp": "(www.)?truyenconvert.net/truyen/[0-9a-z-]+",
    "description": "Đọc truyện tại truyenconvert.net",
    "locale": "vi-VN",
    "language": "javascript",
    "type": "novel"
  },
  "script": {
    "home": "home.js",
    "genre": "genre.js",
    "detail": "detail.js",
    "search": "search.js",
    "toc": "toc.js",
    "chap": "chap.js"
  }
}