{
  "metadata": {
    "name": "Học Viện Truyện Tranh",
    "author": "Nhocconsr",
    "version": 1,
    "source": "https://hocvientruyentranh.net",
    "regexp": "(www.)?hocvientruyentranh.net.*",
    "description": "Đọc truyện trên trang hocvientruyentranh.net",
    "local": "vi-VN",
    "language": "javascript",
    "type": "comic"
  },
  "script": {
    "home": "home.js",
    "genre": "genre.js",
    "detail": "detail.js",
    "search": "search.js",
    "toc": "toc.js",
    "chap": "chap.js"
  }
}