{
  "metadata": {
    "name": "GetTruyen (Tải Truyện)",
    "author": "Nhocconsr",
    "version": 4,
    "source": "https://taitruyen.org",
    "regexp": "(www.)?((taitruyen.org/[^/+]+/)|(taitruyen.org/[^/+]+))",
    "description": "V4: change domain",
    "locale": "vi-VN",
    "language": "javascript",
    "type": "novel"
  },
  "script": {
    "home": "home.js",
    "genre": "genre.js",
    "detail": "detail.js",
    "search": "search.js",
    "toc": "toc.js",
    "chap": "chap.js"
  }
}