{
  "metadata": {
    "name": "123 Truyện",
    "author": "Nhocconsr",
    "version": 10,
    "source": "https://123truyenfull.com",
    "regexp": "(www.)?123truyen(.*?).com/[0-9a-z-]+",
    "description": "Đổi domain theo bài hướng dẫn trong Thảo Luận: let CONFIG...",
    "locale": "vi-VN",
    "language": "javascript",
    "type" : "novel"
  },
  "script": {
    "home": "home.js",
    "genre": "genre.js",
    "detail": "detail.js",
    "search": "search.js",
    "toc": "toc.js",
    "chap": "chap.js"
  }
}