{
  "metadata": {
    "name": "123 Truyện",
    "author": "Nhocconsr",
    "version": 6,
    "source": "https://123truyenzz.com",
    "regexp": "(www.)?123truyenzz.com/[0-9a-z-]+",
    "description": "Trang đổi domain liên tục lên mạng nhà mình vào được site nào thì mình sửa theo cái đó nhé!",
    "locale": "vi-VN",
    "language": "javascript",
    "type" : "novel"
  },
  "script": {
    "home": "home.js",
    "genre": "genre.js",
    "detail": "detail.js",
    "search": "search.js",
    "toc": "toc.js",
    "chap": "chap.js"
  }
}