{
  "metadata": {
    "name": "TsuMiNo",
    "author": "Nhocconsr",
    "version": 1,
    "source": "https://www.tsumino.com",
    "regexp": "(www.)?tsumino.com/entry/\\d+",
    "description": "Nếu có lỗi bạn có thể liên hệ tới Email: phamgiavang@gmail.com hoặc Discord",
    "local": "en-EN",
    "language": "javascript",
    "type": "comic",
    "tag": "nsfw"
  },
  "script": {
    "home": "home.js",
    "detail": "detail.js",
    "search": "search.js",
    "toc": "toc.js",
    "chap": "chap.js"
  }
}