{
  "metadata": {
    "name": "Đọc Truyện 3Q",
    "author": "Nhocconsr",
    "version": 4,
    "source": "https://doctruyen3qtv.net",
    "regexp": "(www.)?doctruyen3q.*?/truyen-tranh/[0-9a-z-]+/\\d+/?$",
    "description": "Có thể tự cập nhật miền tại chỗ Mã bổ sung trong phần mở rộng",
    "locale": "vi-VN",
    "language": "javascript",
    "type": "comic",
    "tag" : "nsfw"
  },
  "script": {
    "home": "home.js",
    "genre": "genre.js",
    "detail": "detail.js",
    "search": "search.js",
    "toc": "toc.js",
    "chap": "chap.js"
  }
}