{
  "metadata": {
    "name": "Manhua Gui",
    "author": "Nhocconsr",
    "version": 3,
    "source": "https://www.manhuagui.com",
    "regexp": "(www.)?(m.)?(manhuagui||mhgui).com/comic/\\d+/?",
    "description": "Nếu có lỗi vui lòng liên hệ email : Phamgiavang@gmail.com",
    "locale": "zh-CN",
    "language": "javascript",
    "type": "comic"
  },
  "script": {
    "home": "home.js",
    "genre": "genre.js",
    "detail": "detail.js",
    "search": "search.js",
    "toc": "toc.js",
    "chap": "chap.js"
  }
}