{
  "metadata": {
    "name": "AC QQ 腾讯动漫",
    "author": "Nhocconsr",
    "version": 1,
    "source": "https://m.ac.qq.com",
    "regexp": "(www.)?(m.)?ac.qq.com/comic/index/id/\\d+",
    "description": "Nếu có lỗi bạn có thể liên hệ tới Email: phamgiavang@gmail.com hoặc Discord",
    "local": "cn-CN",
    "language": "javascript",
    "type": "comic"
  },
  "script": {
    "home": "home.js",
    "genre": "genre.js",
    "detail": "detail.js",
    "search": "search.js",
    "toc": "toc.js",
    "chap": "chap.js"
  }
}