{
  "metadata": {
    "name": "【VIP】Bạch Ngọc Sách",
    "author": "Nhocconsr",
    "version": 7,
    "source": "https://bachngocsach.vip",
    "regexp": "(www.)?bachngocsach.vip/truyen/[0-9a-z-]+/\\d+.html",
    "description": "V7 : Change domain",
    "local": "vi-VN",
    "language": "javascript",
    "type": "novel"
  },
  "script": {
    "home": "home.js",
    "genre": "genre.js",
    "detail": "detail.js",
    "search": "search.js",
    "page": "page.js",
    "toc": "toc.js",
    "chap": "chap.js"
  }
}