{
  "metadata": {
    "name": "Truyện Z (Manga)",
    "author": "Nhocconsr",
    "version": 3,
    "source": "https://truyenz.info",
    "regexp": "(www.)?truyenz.info/manga/[0-9a-z-]+/?$",
    "description": "Đọc truyện trên trang truyenz.info",
    "local": "vi-VN",
    "language": "javascript",
    "type": "comic"
  },
  "script": {
    "home": "home.js",
    "genre": "genre.js",
    "detail": "detail.js",
    "search": "search.js",
    "toc": "toc.js",
    "chap": "chap.js"
  }
}