{
  "metadata": {
    "name": "Vlog Truyện",
    "author": "Nhocconsr",
    "version": 5,
    "source": "https://vlogtruyen5.com",
    "regexp": "(www.)?vlogtruyen5.*?/[^/]+.html",
    "description": "Đọc truyện tại https://vlogtruyen5.com/",
    "locale": "vi-VN",
    "language": "javascript",
    "type": "comic"
  },
  "script": {
    "home": "home.js",
    "genre": "genre.js",
    "detail": "detail.js",
    "search": "search.js",
    "toc": "toc.js",
    "chap": "chap.js"
  }
}