{
  "metadata": {
    "name": "Creative-comic",
    "author": "Nhocconsr",
    "version": 1,
    "source": "https://www.creative-comic.tw",
    "regexp": "(www.)?creative-comic.tw/en/book/\\d+/content",
    "description": "Đọc truyện tại https://www.creative-comic.tw",
    "local": "zh-CN",
    "language": "javascript",
    "type": "comic"
  },
  "script": {
    "home": "home.js",
    "genre": "genre.js",
    "detail": "detail.js",
    "search": "search.js",
    "toc": "toc.js",
    "chap": "chap.js"
  }
}