{
  "metadata": {
    "name": "Hentai Dexy",
    "author": "Nhocconsr",
    "version": 3,
    "source": "https://hentaidexy.net",
    "regexp": "(www.)?hentaidexy.net/manga/[0-9a-z-]+/?",
    "description": "Nếu có lỗi vui lòng liên hệ email : phamgiavang@gmail.com",
    "locale": "en-EN",
    "language": "javascript",
    "type": "comic",
    "tag" : "nsfw"
  },
  "script": {
    "home": "home.js",
    "detail": "detail.js",
    "search": "search.js",
    "toc": "toc.js",
    "chap": "chap.js"
  }
}