{
  "metadata": {
    "name": "Truyện Wiki Com",
    "author": "Nhocconsr",
    "version": 2,
    "source": "https://truyenwiki.com",
    "regexp": "(www.)?truyenwiki.com/truyen/\\d+",
    "description": "Đọc truyện trên trang Truyenwiki.com",
    "local": "vi-VN",
    "language": "javascript",
    "type": "novel"
  },
  "script": {
    "home": "home.js",
    "detail": "detail.js",
    "search": "search.js",
    "page": "page.js",
    "toc": "toc.js",
    "chap": "chap.js"
  }
}