{
  "metadata": {
    "name": "Truyện Gì Hot",
    "author": "Nhocconsr",
    "version": 11,
    "source": "https://truyengihotmoi.net",
    "regexp": "(www.)?truyengihot(.*?).net/[^/]+.html$",
    "description": "Nếu mà site đổi domain thì thêm mã bổ sung let CONFIG_URL = 'tên miền mới'",
    "locale": "vi-VN",
    "language": "javascript",
    "type": "novel",
    "tag": "nsfw"
  },
  "script": {
    "home": "home.js",
    "genre": "genre.js",
    "detail": "detail.js",
    "search": "search.js",
    "toc": "toc.js",
    "chap": "chap.js"
  }
}